tried,deaths,death to tried ratio
3750,2870,0.7653333333333333
3417,1419,0.41527655838454786
1272,1181,0.9284591194968553
807,604,0.748451053283767
671,585,0.8718330849478391
314,309,0.9840764331210191
107,30,0.2803738317757009
26,26,1.0
20,20,1.0
20,19,0.95
17,17,1.0
17,17,1.0
9,8,0.8888888888888888
16,5,0.3125
29,3,0.10344827586206896
4,1,0.25
90,0,0.0
353,0,0.0
1,0,0.0
